t,0_y0,0_x0,0_s0,0_y1,0_x1,0_s1,0_y2,0_x2,0_s2,0_y3,0_x3,0_s3,0_y4,0_x4,0_s4,0_y5,0_x5,0_s5,0_y6,0_x6,0_s6,0_y7,0_x7,0_s7,0_y8,0_x8,0_s8,0_y9,0_x9,0_s9,0_y10,0_x10,0_s10,0_y11,0_x11,0_s11,0_y12,0_x12,0_s12,0_y13,0_x13,0_s13,0_y14,0_x14,0_s14,0_y15,0_x15,0_s15,0_y16,0_x16,0_s16
0.5063929557800293,0.39791855,0.47878247,0.8033818,0.38907075,0.4861129,0.80423295,0.389119,0.47183606,0.8676509,0.4026754,0.49497458,0.81495255,0.4012586,0.46226904,0.78184694,0.475049,0.5099048,0.9054658,0.46755514,0.4422322,0.8911462,0.53142184,0.53857064,0.8860863,0.51673675,0.40653357,0.802456,0.58955145,0.5142044,0.8285412,0.5740536,0.43325338,0.78927284,0.6327972,0.4935246,0.8535152,0.62872297,0.45359537,0.920857,0.75835395,0.50228745,0.8671077,0.7540199,0.4397831,0.89378107,0.86766875,0.5060476,0.9027472,0.86530155,0.43315944,0.85962284
1.767155408859253,0.39861974,0.4785436,0.7951527,0.38976988,0.48587447,0.8057317,0.38916123,0.47167435,0.86221874,0.403486,0.49443775,0.76498705,0.40139112,0.46206608,0.79197836,0.4700869,0.5118165,0.8772369,0.46450537,0.44034672,0.93566895,0.5295404,0.53954893,0.90519094,0.5184479,0.40488425,0.83642006,0.5905142,0.51488686,0.813744,0.5777524,0.4335192,0.83452374,0.6275105,0.49333334,0.88412756,0.6215948,0.45320472,0.92378306,0.7576234,0.50249153,0.8643609,0.75299424,0.4415706,0.895826,0.86709946,0.5061526,0.89701277,0.8640453,0.43314013,0.8574592
3.1337265968322754,0.3991871,0.47836056,0.8092666,0.3903156,0.48560986,0.8199301,0.38941938,0.47159266,0.85633683,0.403475,0.49409923,0.7377711,0.40089017,0.46200854,0.7953539,0.46997112,0.5120629,0.87886345,0.46554062,0.4402164,0.9360131,0.5297674,0.5394958,0.91391003,0.5191528,0.40513626,0.82946366,0.5892713,0.51508945,0.82257736,0.5779439,0.43350998,0.84548193,0.62854975,0.49329278,0.8871343,0.6223526,0.45358244,0.9155193,0.76045215,0.5024349,0.89215195,0.7539889,0.44074926,0.8919322,0.86854374,0.5051286,0.89849305,0.86258805,0.4337351,0.8902553
4.387544870376587,0.39837396,0.47832608,0.79026926,0.38934183,0.48561445,0.8036213,0.38908383,0.47160873,0.8539917,0.4026761,0.49436894,0.77933466,0.40028045,0.46233174,0.79976684,0.46991298,0.5116679,0.86957383,0.4646109,0.44048262,0.934645,0.52955616,0.5397598,0.9062691,0.51875764,0.40580875,0.8317327,0.5897912,0.5147576,0.81682944,0.5778812,0.43339273,0.8199406,0.62913746,0.49327308,0.8859247,0.6226448,0.4533289,0.9146959,0.7579078,0.5022959,0.8647719,0.7528207,0.44118235,0.89670795,0.86679876,0.50629514,0.89813024,0.861904,0.43344665,0.88575476
5.644864082336426,0.3984917,0.47879037,0.8157658,0.38945198,0.48610178,0.79397947,0.38915667,0.47207904,0.8504704,0.40217757,0.49447805,0.8054571,0.39928144,0.4624861,0.79290897,0.4711942,0.5110231,0.8915826,0.4651518,0.4416976,0.9200889,0.5307082,0.53912777,0.8903575,0.5174401,0.4062563,0.8419091,0.5880129,0.51531523,0.83414143,0.5764915,0.43298808,0.8244421,0.6310362,0.49301288,0.86976093,0.62531793,0.45294663,0.9102433,0.75813854,0.5024278,0.8679456,0.7517969,0.44055223,0.89761555,0.86738896,0.5051747,0.9030672,0.8615729,0.4332726,0.88361824
6.934106349945068,0.3995497,0.4786225,0.8377667,0.3899123,0.4858604,0.802146,0.3897804,0.4717079,0.86694753,0.40214944,0.49462953,0.8156359,0.40034848,0.46231946,0.8023711,0.4710639,0.5114395,0.8759487,0.46494287,0.4410161,0.92860293,0.53065354,0.5393379,0.895745,0.5172183,0.40615422,0.8441636,0.58848566,0.5150469,0.83438426,0.5759109,0.4330483,0.8061336,0.6294362,0.49337026,0.885518,0.62330985,0.45369098,0.9081195,0.759812,0.5022407,0.8862703,0.75174445,0.44047353,0.8983563,0.86830324,0.5052105,0.9013721,0.86211395,0.43345293,0.8851064
8.330579996109009,0.39969096,0.47855583,0.82668704,0.39030576,0.48585257,0.79956317,0.38994014,0.47185627,0.8661774,0.4023406,0.49449655,0.8066991,0.40011448,0.46227178,0.81034106,0.4705714,0.51190996,0.8808217,0.46445453,0.44060922,0.9363167,0.5293195,0.5399113,0.8956487,0.5163921,0.40632516,0.85831916,0.58877563,0.51545626,0.8464252,0.57619965,0.4327223,0.8269596,0.629069,0.49326712,0.8784954,0.6226867,0.45376068,0.91309386,0.7572652,0.5024917,0.87761337,0.7519269,0.44049793,0.8997087,0.86729354,0.505407,0.89834356,0.86305356,0.43367964,0.8770839
9.621798038482666,0.3995679,0.47849178,0.80632806,0.39050132,0.4858062,0.7840651,0.3896498,0.47186872,0.86346465,0.40320966,0.494517,0.7821297,0.39998448,0.46231052,0.80388564,0.46934673,0.51285356,0.8759447,0.46409258,0.4399285,0.94021004,0.5296162,0.5397429,0.9126402,0.5173037,0.40552217,0.85171676,0.58942014,0.5159839,0.8366155,0.57723695,0.43230495,0.837532,0.62767214,0.4931802,0.8844611,0.62114096,0.45317554,0.93070453,0.7572968,0.5023347,0.883928,0.7509506,0.44036013,0.9055684,0.8669218,0.505573,0.8892136,0.8619091,0.43326423,0.8843328
10.843705654144287,0.39905483,0.47825742,0.78675467,0.38991162,0.4857454,0.8043106,0.38947842,0.47172084,0.8631795,0.4025694,0.4950803,0.82344544,0.3994572,0.4624401,0.7578619,0.46884692,0.5136313,0.88640374,0.46317703,0.44011542,0.93830407,0.52915186,0.5394899,0.90517724,0.5175396,0.4060166,0.85277617,0.5891355,0.5147006,0.848896,0.577746,0.43285725,0.8251804,0.6266032,0.49335557,0.8753704,0.62065494,0.4531942,0.9342051,0.75727093,0.5016013,0.8782412,0.7501773,0.44099584,0.8942428,0.8665718,0.505578,0.8829562,0.862311,0.43371564,0.8828295
12.068636178970337,0.3975858,0.47813368,0.7486149,0.38837785,0.48572168,0.7888501,0.38832602,0.47149077,0.8524946,0.4011429,0.49501297,0.83269626,0.39836562,0.46232915,0.7769831,0.468556,0.5133004,0.8921531,0.4634285,0.43975496,0.9304741,0.5308634,0.54048795,0.9107354,0.5172282,0.40650865,0.8691866,0.5901784,0.51533836,0.82914114,0.57844704,0.4330278,0.84082115,0.6273254,0.49298778,0.8658778,0.621649,0.45296502,0.9296003,0.7557993,0.5016996,0.8710909,0.75085706,0.44063655,0.9038276,0.8674135,0.50559133,0.8910541,0.86241597,0.4329872,0.8800842
13.294520854949951,0.3972714,0.47876745,0.75259686,0.38820577,0.48643252,0.7609852,0.3878799,0.4720417,0.82242525,0.40100417,0.49529597,0.8413158,0.39821863,0.46257463,0.7445111,0.46878743,0.51358014,0.8800757,0.4631723,0.4400641,0.93322706,0.5288221,0.5405268,0.9072854,0.5173669,0.40626612,0.8619359,0.59154654,0.5148736,0.782586,0.57935077,0.43344817,0.82432294,0.6285808,0.49287158,0.8635813,0.6231803,0.4528589,0.9165171,0.7571889,0.5019645,0.8554925,0.7524992,0.44029075,0.889722,0.8680209,0.5051302,0.8853872,0.8637694,0.4331002,0.88282967
14.493501901626587,0.39474937,0.47881022,0.66433144,0.38657427,0.48654628,0.6663043,0.38588458,0.4721945,0.7245054,0.4005651,0.49528572,0.83088607,0.3979358,0.46246052,0.7091849,0.46879265,0.5125698,0.87260115,0.4641732,0.4404641,0.9345903,0.52906364,0.53988415,0.9030686,0.5176647,0.4060515,0.84446543,0.590682,0.515017,0.8081501,0.5794934,0.43298396,0.84562767,0.6309681,0.49305278,0.870641,0.62599033,0.4525724,0.91871727,0.75929785,0.5024567,0.867347,0.75282085,0.44045663,0.8877649,0.8680997,0.5062818,0.8839931,0.86592126,0.43227845,0.8777328
15.74583911895752,0.3935871,0.47844753,0.7214539,0.38602042,0.4862555,0.63350534,0.38483644,0.4717949,0.685767,0.40085948,0.49521238,0.8275944,0.39781922,0.4624357,0.7297795,0.46845552,0.5135552,0.883574,0.46418482,0.44030738,0.9363762,0.53156376,0.54160017,0.89141446,0.51868963,0.40594658,0.8467129,0.5930551,0.5150691,0.7803493,0.57919383,0.4326453,0.8468378,0.63107,0.49366498,0.8781194,0.6255628,0.45287734,0.91271603,0.76026535,0.5023791,0.88150835,0.7537157,0.4397895,0.89753604,0.86780345,0.50622326,0.8906756,0.8636805,0.4336608,0.877169
16.973726511001587,0.39255375,0.4770947,0.77087694,0.38544476,0.48449633,0.72166616,0.38447648,0.47048903,0.73766416,0.40033752,0.49415088,0.7471159,0.39861676,0.4614055,0.82148206,0.46852383,0.51299614,0.8693714,0.46311408,0.4396542,0.9329376,0.5299831,0.5412753,0.904425,0.5179516,0.40592638,0.840272,0.59578013,0.51462865,0.77379775,0.57853717,0.4318876,0.84271014,0.6281597,0.4930605,0.8702339,0.6222906,0.45213458,0.91237473,0.75862473,0.50171256,0.8792611,0.753585,0.4395278,0.9062874,0.8678715,0.5056953,0.90679824,0.86272335,0.4332696,0.87578756
18.185667276382446,0.383077,0.4711194,0.6264205,0.3764807,0.47800446,0.64275795,0.37586522,0.46476483,0.6492447,0.39194924,0.48848748,0.80539876,0.39209348,0.45890483,0.7683915,0.44505858,0.5097339,0.8677658,0.4555759,0.4385673,0.90441614,0.4407655,0.5528193,0.65416,0.50463986,0.41102344,0.65810657,0.43976492,0.60790586,0.77649593,0.5689881,0.4158845,0.7019773,0.6197976,0.48793322,0.9088278,0.61761683,0.44711667,0.88461584,0.7537025,0.5001573,0.84338003,0.7522198,0.43727842,0.8878855,0.8561981,0.50662094,0.88852066,0.8633503,0.43363222,0.7604136
19.359684467315674,0.42571375,0.4619727,0.5914793,0.41629693,0.47029224,0.7069412,0.4158884,0.4584108,0.7333326,0.42898297,0.48532993,0.78679013,0.4230458,0.45955712,0.660688,0.50408304,0.4899325,0.841977,0.4972634,0.4666453,0.8407672,0.599634,0.49037528,0.5826666,0.5918527,0.47702557,0.57065237,0.68384284,0.4851841,0.50731826,0.67416,0.47847763,0.40995842,0.661296,0.48488837,0.90842694,0.65423137,0.4563124,0.8703012,0.76904666,0.521636,0.8969631,0.7482126,0.41535458,0.818641,0.8690629,0.5714315,0.8694486,0.86510456,0.4384639,0.81089497
20.562636375427246,0.3557412,0.48505345,0.70870614,0.34394503,0.49181563,0.6308003,0.34580785,0.47862574,0.70643854,0.3475877,0.5008734,0.7986727,0.35134763,0.4715162,0.81388754,0.40052804,0.5186432,0.8717117,0.4166195,0.45743343,0.8918923,0.40046358,0.5705354,0.58238083,0.4796649,0.44758558,0.754559,0.37666237,0.53413343,0.47152784,0.53202075,0.46970883,0.7244009,0.5553243,0.50932074,0.88113475,0.5558397,0.47449714,0.89476204,0.63733995,0.44661847,0.51462233,0.6925687,0.4825326,0.6524412,0.7194673,0.39971358,0.27674782,0.81812584,0.4908645,0.66523635
21.765584468841553,0.37806672,0.49496934,0.66873753,0.3679037,0.5011608,0.63191235,0.37044764,0.49236417,0.7077556,0.3697512,0.5191836,0.7255398,0.37397796,0.4937067,0.45751116,0.41911778,0.5428435,0.84813577,0.43630967,0.48976824,0.7693581,0.43261275,0.5392382,0.29683995,0.51260245,0.4958174,0.47365066,0.40757307,0.48219392,0.44864985,0.5783132,0.4960339,0.24632478,0.5849873,0.52219933,0.77745146,0.58598316,0.49714333,0.86761093,0.71220183,0.48919758,0.7308338,0.7194459,0.50001276,0.6960547,0.82780665,0.4835681,0.5028443,0.8386146,0.5108741,0.7346035
23.01840829849243,0.42632222,0.4984196,0.63013905,0.41319332,0.5013159,0.61522424,0.41246232,0.4996964,0.60890454,0.418203,0.51519257,0.56421185,0.41862148,0.51084274,0.6057643,0.4563445,0.5319642,0.8439256,0.47237802,0.5135583,0.79299515,0.39237958,0.5042873,0.61543036,0.55081606,0.53254944,0.1224936,0.32393438,0.46996704,0.39541328,0.4871959,0.50863415,0.03519352,0.6349944,0.53639096,0.9119893,0.6392017,0.5086857,0.89456445,0.75900793,0.56942475,0.8466124,0.75893986,0.47959778,0.8736468,0.855875,0.6158587,0.8819685,0.8597831,0.51519454,0.68500733
24.262749671936035,0.37771854,0.5019416,0.70789367,0.36944807,0.5068542,0.76903796,0.36722204,0.49515185,0.6843604,0.37826765,0.5124256,0.7139512,0.37460595,0.48230407,0.6465352,0.46729153,0.5195767,0.81771517,0.4178887,0.45708892,0.7400012,0.5415853,0.5112226,0.6010497,0.37813807,0.4168739,0.7307876,0.6118399,0.51052946,0.19810034,0.33081168,0.37191305,0.67031384,0.5995474,0.48943135,0.90138614,0.5773513,0.4495484,0.9247456,0.73774254,0.48039275,0.86740416,0.6987858,0.41070387,0.8292363,0.85684454,0.46980175,0.69421047,0.77036333,0.39347968,0.56235737
25.45321774482727,0.42440292,0.45708314,0.6483431,0.41439563,0.4604906,0.67649764,0.41215023,0.4507084,0.671624,0.41978043,0.45854178,0.7245035,0.41551024,0.4323442,0.6757741,0.49795014,0.45281425,0.83711547,0.47656423,0.41213796,0.84066963,0.5777937,0.4418694,0.6619486,0.58248997,0.42445403,0.59091175,0.6417525,0.45803195,0.51225966,0.64500076,0.4545457,0.7331721,0.6332706,0.43696308,0.8650318,0.6324429,0.39886278,0.90786725,0.757647,0.46695605,0.8505405,0.7673084,0.36579886,0.831985,0.87041783,0.4484516,0.82517564,0.8575389,0.33043352,0.8375113
26.668668508529663,0.36518905,0.40951124,0.6411857,0.35645354,0.41822824,0.61707175,0.35480797,0.4038237,0.6612872,0.36553693,0.431102,0.71503496,0.36293587,0.39801565,0.8066211,0.4346925,0.44732714,0.86752826,0.41965723,0.374261,0.8792045,0.50088865,0.4574634,0.7154266,0.45937043,0.33027443,0.79528713,0.56352854,0.42964455,0.33245903,0.39286923,0.3335689,0.299231,0.5943737,0.4125975,0.8605578,0.5887494,0.37516284,0.9345636,0.73682064,0.40125367,0.91273576,0.7352301,0.3569296,0.85536677,0.84887695,0.32993454,0.014044938,0.8598902,0.32647446,0.50736326
27.865621328353882,0.37813693,0.43924624,0.67077804,0.3682416,0.43769732,0.5607225,0.3631006,0.43435618,0.48331243,0.3704843,0.42607784,0.5612654,0.36609015,0.41472465,0.61887896,0.42181724,0.41273102,0.7018079,0.4004943,0.4059802,0.6720106,0.4364756,0.41789904,0.06031005,0.40869296,0.41030946,0.13285607,0.4984141,0.42529908,0.06873172,0.36203408,0.43612728,0.053795293,0.59569347,0.41530696,0.85423774,0.59632874,0.39245245,0.79173815,0.72361726,0.4472154,0.80627686,0.7376412,0.35002157,0.6488696,0.85341376,0.4404478,0.7258898,0.8567964,0.3186075,0.76540667
29.058079481124878,0.37169212,0.45972332,0.7251928,0.36338624,0.46676406,0.72498584,0.36194462,0.45280424,0.7897555,0.3765075,0.47298256,0.6928847,0.3729976,0.4434313,0.76104945,0.44982404,0.49072424,0.89116377,0.42173082,0.42798764,0.8973329,0.50117177,0.51889646,0.8069335,0.36603495,0.40754348,0.419678,0.5437316,0.56109494,0.69573474,0.28135824,0.42040387,0.19023226,0.60389864,0.48197713,0.937481,0.59679353,0.43841678,0.9083717,0.7500988,0.4819502,0.91391444,0.75228256,0.4283106,0.77264684,0.8697188,0.47385064,0.82228416,0.8603448,0.41887733,0.73456275
30.275498867034912,0.3706671,0.47858843,0.67772686,0.36112928,0.48694974,0.59430146,0.35885367,0.4742623,0.5841191,0.36992073,0.5007899,0.8259719,0.36683235,0.47292137,0.70515025,0.44098878,0.51559675,0.8560517,0.41098914,0.45764932,0.79027677,0.52450025,0.5436001,0.8527153,0.3404722,0.44645715,0.4451345,0.59674346,0.57319367,0.7862572,0.35821232,0.4700609,0.054960098,0.59605265,0.50508535,0.9532385,0.5967003,0.4655231,0.9436414,0.7154033,0.54681224,0.92274344,0.75339496,0.4631076,0.80665374,0.8104765,0.5790392,0.58375156,0.8659091,0.48454052,0.8321577
31.479439735412598,0.40864024,0.47937694,0.58456916,0.39186737,0.48336324,0.6763231,0.39894006,0.47525868,0.5189773,0.3911292,0.4967679,0.62059736,0.4068212,0.47564694,0.55630183,0.42119,0.52795213,0.7049713,0.47121045,0.47949,0.79503787,0.35935017,0.565467,0.5601895,0.472701,0.44481188,0.6178567,0.30727553,0.5299957,0.6916791,0.41570997,0.46095377,0.7564815,0.61115456,0.5438934,0.9242509,0.6181859,0.5056871,0.87934256,0.74150336,0.5692338,0.89343923,0.7410749,0.48532844,0.9260185,0.85069793,0.6043834,0.8429672,0.873101,0.48185855,0.87319076
32.69434571266174,0.40610534,0.49042556,0.61416733,0.38992608,0.49701044,0.64957994,0.39697856,0.4833184,0.598834,0.38721034,0.51183456,0.71350396,0.40229136,0.4825039,0.81664634,0.42134798,0.53886795,0.88494396,0.4715668,0.48285052,0.94031334,0.35680315,0.5685648,0.41175947,0.5246736,0.44553137,0.85118806,0.28694105,0.60558385,0.052379917,0.5671012,0.40046054,0.5336833,0.59567773,0.5548587,0.92417246,0.6102726,0.51813203,0.9634301,0.7379119,0.5777383,0.7018126,0.7160768,0.51625866,0.46880347,0.871215,0.6093514,0.65613544,0.8624841,0.60815597,0.031584334
33.91724491119385,0.41425353,0.47161084,0.66051584,0.4026576,0.4776921,0.64857465,0.40306562,0.4732246,0.68670756,0.4073621,0.49848628,0.6693487,0.40971726,0.48410526,0.6521785,0.44178006,0.5137456,0.8202222,0.47838408,0.47147313,0.850774,0.3807758,0.52868456,0.6921641,0.56183857,0.4741088,0.5575884,0.30708313,0.53860945,0.3206478,0.6208126,0.46012664,0.3835356,0.6203592,0.5059296,0.8309419,0.62304795,0.47033,0.86871946,0.7550912,0.5377047,0.8158371,0.75458574,0.4484066,0.80656046,0.861725,0.5843702,0.8727473,0.8686048,0.46838447,0.8356817
35.14015984535217,0.3893242,0.48713008,0.57250124,0.37749776,0.49218056,0.64940107,0.37751564,0.47947413,0.622622,0.3805157,0.4976667,0.642692,0.38074395,0.46610036,0.7080196,0.4159137,0.50393677,0.57014126,0.44460756,0.45059973,0.79589206,0.35539648,0.51874804,0.078861706,0.5307513,0.48189732,0.24934177,0.38467297,0.49747655,0.064585574,0.5609318,0.5286137,0.064693466,0.60000634,0.48091197,0.9002897,0.5871996,0.445578,0.9158134,0.75244397,0.4767983,0.81216776,0.7064583,0.42111087,0.75663847,0.8698256,0.47178084,0.842926,0.83108246,0.42358842,0.008151253
36.36602711677551,0.45451987,0.46359023,0.5253173,0.44108316,0.47034127,0.62738734,0.4389579,0.45692155,0.55145466,0.43969434,0.47460556,0.57008255,0.4359659,0.44336483,0.6370955,0.48016894,0.4846289,0.76892924,0.46822473,0.42093882,0.84025943,0.42982945,0.519866,0.40652463,0.4043728,0.38716072,0.60279393,0.43092307,0.47734886,0.5737082,0.4327795,0.43291637,0.7440397,0.65250695,0.45509753,0.9077215,0.64304113,0.41617346,0.9470891,0.77189887,0.4862921,0.8045397,0.76110053,0.36954874,0.92006534,0.8570487,0.51958764,0.8932149,0.86896765,0.32917824,0.88659906
37.55400729179382,0.35806775,0.4333059,0.7775995,0.34844586,0.44204473,0.82535976,0.34909356,0.4260926,0.8242478,0.3633128,0.454084,0.82102793,0.36357078,0.41760015,0.76706356,0.4172421,0.47197184,0.92166954,0.41314313,0.3977554,0.87923646,0.4244604,0.5186605,0.73966694,0.41881487,0.35109603,0.8321977,0.42292422,0.575895,0.624246,0.41997373,0.30363294,0.67877597,0.59617496,0.45210624,0.9628713,0.5983569,0.41098157,0.9478676,0.7426057,0.44211847,0.84192073,0.73896253,0.4143581,0.8502546,0.8535994,0.43008184,0.66560173,0.85189956,0.41418824,0.58331895
38.76592183113098,0.36735588,0.4326744,0.62902534,0.35934246,0.43818456,0.44707912,0.3605526,0.42507368,0.56175727,0.37178668,0.45045096,0.49543962,0.37492165,0.41693106,0.56986326,0.41628584,0.4688673,0.6380109,0.42361936,0.4070815,0.77661693,0.34931096,0.44905996,0.53844124,0.3712144,0.39806965,0.60184425,0.29565424,0.42346725,0.5186392,0.29571825,0.41793624,0.3699816,0.60286826,0.45191738,0.92419237,0.5967604,0.40846404,0.93844277,0.7317308,0.47738978,0.8073927,0.7317928,0.37397516,0.9090431,0.85262036,0.50121063,0.91874105,0.8521311,0.34067988,0.78072166
39.97185945510864,0.36767575,0.4295743,0.763226,0.35997427,0.43792468,0.74748963,0.3588439,0.42317152,0.858121,0.37396514,0.44744697,0.8148876,0.37266535,0.41489324,0.8561159,0.4354585,0.46505713,0.9093873,0.4310132,0.38839337,0.9366662,0.4580149,0.5087208,0.8141863,0.45638618,0.34634674,0.83279395,0.45365906,0.5639825,0.80881625,0.46208537,0.29678175,0.77466524,0.59379727,0.44432354,0.95662755,0.5945215,0.4005545,0.9565699,0.7323291,0.46296102,0.89738613,0.7254285,0.37867352,0.95421994,0.84952986,0.48097506,0.82188517,0.8454981,0.36380395,0.83000624
41.176814556121826,0.36341143,0.41709495,0.5937837,0.35162348,0.4263452,0.6817742,0.35284775,0.41371116,0.7300161,0.35893902,0.44281688,0.73816586,0.35822946,0.4138095,0.7037597,0.41654396,0.46124315,0.84269404,0.41772327,0.39632973,0.88826346,0.40831074,0.5016334,0.92007214,0.4070419,0.35529962,0.8508478,0.33552837,0.4787236,0.62043554,0.34288937,0.3707995,0.7303977,0.58931065,0.43940434,0.92546505,0.5900897,0.4012669,0.9375981,0.7367515,0.45187178,0.9045423,0.72478336,0.3845854,0.9185505,0.84920585,0.4624621,0.7863627,0.8484225,0.39870545,0.9192527
42.37181854248047,0.4103129,0.41964513,0.46986392,0.39956415,0.42422342,0.44568163,0.40097243,0.41832113,0.48316285,0.40518188,0.4367411,0.5351012,0.40235934,0.42180666,0.5208549,0.46491453,0.4566888,0.7517712,0.45163035,0.40875345,0.83101875,0.54035103,0.4728499,0.91591173,0.425691,0.39657965,0.27942753,0.48515922,0.43825457,0.7260815,0.37091777,0.40252528,0.24647774,0.6226058,0.45036563,0.9215637,0.6188874,0.40849146,0.94425356,0.747417,0.4789203,0.8419983,0.7469927,0.37259784,0.91896415,0.8572151,0.5114495,0.84429985,0.86887276,0.349292,0.8836228
43.56680083274841,0.4153617,0.44845757,0.5724392,0.40274057,0.45291767,0.69019854,0.4044604,0.44149852,0.61439276,0.39756602,0.4590952,0.5010415,0.39997658,0.43051606,0.6108621,0.431671,0.4657217,0.42439193,0.4546178,0.41981873,0.803865,0.5244194,0.46721968,0.22188056,0.5337247,0.43687668,0.49088606,0.5769874,0.505874,0.60038835,0.57950246,0.502368,0.30614772,0.60123044,0.4569699,0.90952665,0.59045,0.4184887,0.8882907,0.73510706,0.46896377,0.8690038,0.69470716,0.3921018,0.8177719,0.8588294,0.47633466,0.71486765,0.71089023,0.3595737,0.390346
44.79068970680237,0.43900436,0.41538236,0.74736375,0.42926678,0.42382845,0.68078196,0.42926937,0.41246143,0.7262684,0.43683177,0.44016695,0.7365908,0.43371868,0.41035897,0.6739693,0.4907468,0.447054,0.83484405,0.49581572,0.40494785,0.8469219,0.5493063,0.40206558,0.25079447,0.56260145,0.3933028,0.5380572,0.49551913,0.38641927,0.293157,0.6059475,0.3595195,0.4764265,0.65468633,0.43473393,0.9057149,0.65127766,0.39697608,0.93339175,0.77339244,0.4614884,0.9155824,0.76779914,0.35053232,0.9014778,0.8483983,0.49257642,0.87439495,0.8687176,0.34452108,0.8796325
45.988640785217285,0.36689323,0.42879564,0.6190174,0.35759532,0.43491888,0.5550281,0.35603786,0.42242622,0.45224124,0.36142337,0.44142437,0.566285,0.36049485,0.41400477,0.5678835,0.43084627,0.4607558,0.76581264,0.39582205,0.39774477,0.78544515,0.4920835,0.49925676,0.87105274,0.3824136,0.4162551,0.35271478,0.54306436,0.47936842,0.7611391,0.33528373,0.46558496,0.40533537,0.5899849,0.43494582,0.8821148,0.5741296,0.39480892,0.9332556,0.7366266,0.43900976,0.8788969,0.71707404,0.36582062,0.6831277,0.8545644,0.44467255,0.68607247,0.71055675,0.40571886,0.2873892
47.19057559967041,0.3923758,0.43449727,0.81899136,0.38291952,0.441494,0.86871207,0.37936622,0.42709032,0.8849612,0.3947117,0.44721243,0.81008697,0.38678247,0.4153133,0.7708387,0.45158708,0.46313483,0.89849645,0.43006933,0.39970917,0.8602919,0.516777,0.4952061,0.72891635,0.37291297,0.356992,0.8654419,0.57479966,0.46448776,0.5508463,0.30689204,0.32230362,0.34579578,0.6143345,0.44209695,0.9211006,0.60455394,0.4017639,0.9519815,0.7409699,0.4659032,0.8854691,0.72166336,0.35021865,0.89844173,0.85731995,0.49050698,0.84867185,0.84013695,0.33428088,0.8668744
48.31023383140564,0.35801917,0.4209826,0.4997629,0.35413706,0.42677578,0.4648882,0.34613007,0.41633773,0.42349797,0.36849722,0.4293046,0.52285784,0.3561194,0.40545282,0.5106906,0.44182417,0.44628182,0.8037095,0.40420896,0.38250557,0.6947409,0.50901216,0.4729906,0.7472947,0.36809978,0.3882559,0.24283327,0.56116486,0.4534948,0.66815037,0.35041663,0.43078637,0.1825713,0.592342,0.4295158,0.88650966,0.5832515,0.38976344,0.94578016,0.7233747,0.4397863,0.7415135,0.72797644,0.37211895,0.86917335,0.84465015,0.4669406,0.7461581,0.8571862,0.35857996,0.85499007
49.42442870140076,0.36185035,0.39628184,0.7005175,0.35066593,0.40490374,0.71121395,0.35182735,0.393797,0.7235694,0.36081666,0.42216298,0.81998026,0.35897967,0.3949576,0.74375415,0.4188444,0.44595775,0.9242595,0.42469412,0.37584427,0.94725055,0.4442109,0.49056035,0.751078,0.40760177,0.33139366,0.70183194,0.48194247,0.54575574,0.48404855,0.39393812,0.28020504,0.84578437,0.5897584,0.43149707,0.94538397,0.59074175,0.38848454,0.98239595,0.7332115,0.43207332,0.8615009,0.7295399,0.3903323,0.9488355,0.8518313,0.4243885,0.76148266,0.8517493,0.39977267,0.80995774
50.567039489746094,0.43657023,0.3969731,0.60639566,0.42503428,0.40467593,0.65720636,0.42450047,0.3966662,0.7772853,0.4320637,0.423312,0.762327,0.42904425,0.4025335,0.67462176,0.4923317,0.42527667,0.7911112,0.50474614,0.39181355,0.83008504,0.49470645,0.3644307,0.37667793,0.567689,0.3657192,0.5104062,0.47087693,0.29664454,0.3055901,0.60962874,0.34542227,0.14101292,0.6640228,0.42249057,0.93901724,0.65956354,0.391397,0.9388457,0.7747118,0.46020022,0.9391492,0.7611171,0.3442319,0.8606683,0.8733789,0.510722,0.8701228,0.8656343,0.34001207,0.83145416
51.75603771209717,0.37188864,0.40782222,0.7715502,0.36135513,0.41484746,0.8240877,0.3628926,0.3992734,0.8132866,0.3732006,0.42428562,0.7519032,0.37657237,0.39067852,0.89825815,0.42466617,0.44403172,0.8252428,0.42928666,0.37370893,0.93425107,0.42660522,0.48696366,0.68633854,0.42448983,0.32277167,0.68422,0.42796934,0.5378602,0.70611835,0.41562164,0.2682647,0.7395406,0.5994719,0.4295806,0.9473372,0.59974194,0.38417074,0.9631898,0.73891926,0.41857272,0.76556754,0.7378339,0.38770023,0.870594,0.8603549,0.41541192,0.74114555,0.8668844,0.39686793,0.7335841
52.948012590408325,0.39825064,0.43456107,0.66982776,0.3914966,0.43476674,0.63374704,0.38801178,0.42810965,0.7556778,0.39301986,0.42988887,0.61495256,0.38968605,0.40767264,0.6463894,0.44802237,0.4336528,0.75988334,0.42175668,0.38904032,0.6147655,0.48813605,0.4493544,0.3880916,0.42539448,0.43061247,0.31073073,0.4756298,0.44942078,0.3090103,0.41690382,0.46425635,0.4577624,0.61800337,0.42593804,0.80371547,0.6238113,0.38773784,0.81578636,0.740584,0.45985398,0.8420255,0.75251406,0.34237278,0.74776495,0.85493016,0.47804227,0.37698275,0.8624337,0.2948913,0.7282633
54.14198017120361,0.35317096,0.41081673,0.6743387,0.34425122,0.41970682,0.6619402,0.34292275,0.40378758,0.78014445,0.35869414,0.42914006,0.91124636,0.35452542,0.39486817,0.77150077,0.42125353,0.4391748,0.9289667,0.40114665,0.37220332,0.911306,0.42961764,0.47540498,0.7630368,0.39821482,0.33025238,0.7320882,0.41017735,0.5307886,0.7345451,0.4061973,0.29184386,0.7135263,0.57925934,0.41956243,0.9366304,0.5781064,0.3782363,0.96434265,0.72452635,0.4124957,0.7869375,0.7205788,0.37074244,0.8267403,0.84798634,0.40087444,0.79471385,0.84953964,0.36297864,0.74506456
55.36685609817505,0.3659882,0.3795267,0.68546504,0.35196257,0.38624954,0.4545626,0.35541317,0.37704048,0.5855407,0.3585084,0.40643033,0.5828627,0.3577852,0.38599563,0.49552023,0.41047308,0.42269573,0.7568699,0.42990005,0.37695545,0.8711882,0.407848,0.44198257,0.78251606,0.43677515,0.34889805,0.64603096,0.36110362,0.4121089,0.79177356,0.36500627,0.3282065,0.531663,0.59191436,0.39886484,0.8267501,0.59571475,0.36632377,0.92759293,0.7382904,0.42137104,0.64790124,0.71792763,0.34701642,0.91255414,0.8465178,0.44598284,0.8030827,0.8486356,0.3357435,0.886936
56.570802211761475,0.36850804,0.37856996,0.71509266,0.35816002,0.38798568,0.65005136,0.35897776,0.3752639,0.6785317,0.36631688,0.40493846,0.72001183,0.36470696,0.37494093,0.5567661,0.4103787,0.4166882,0.8276533,0.43239403,0.3730552,0.75583786,0.42082322,0.38598606,0.3348312,0.47933364,0.36830422,0.31668866,0.41386968,0.34455326,0.65499955,0.52554214,0.35320303,0.27659458,0.5894877,0.4005541,0.86020327,0.59379256,0.3650542,0.9080866,0.731897,0.42022657,0.6911715,0.7207853,0.344418,0.8207625,0.85605526,0.45659587,0.9052304,0.8543152,0.3256163,0.83859557
57.685476303100586,0.37272093,0.40460905,0.67157435,0.3642792,0.4118994,0.5581772,0.36167,0.39730415,0.79532737,0.3760396,0.41893467,0.63855463,0.36832616,0.3835979,0.8027346,0.4379183,0.43057442,0.8052299,0.42766353,0.35256454,0.81234336,0.4181884,0.47407413,0.762351,0.40427077,0.3108339,0.6927403,0.40383872,0.5280912,0.43658742,0.3816474,0.25210825,0.658502,0.6170945,0.4077373,0.933028,0.61587405,0.36360726,0.95174974,0.7574576,0.40352306,0.810477,0.75598973,0.36739653,0.8774571,0.87389636,0.3979946,0.84494436,0.8730624,0.37828177,0.64761156
58.812110900878906,0.42035967,0.42081824,0.68380874,0.40796635,0.4171752,0.6281985,0.40884823,0.41524896,0.6670124,0.41356134,0.40004483,0.5093311,0.41469687,0.3906681,0.7307437,0.4758626,0.41546664,0.71288496,0.46874446,0.37098745,0.7791529,0.4829825,0.4595171,0.46915036,0.49969777,0.32392484,0.5203731,0.47439525,0.4956501,0.032984003,0.51836514,0.34239855,0.056965813,0.6438452,0.41415963,0.9110547,0.65084004,0.3761054,0.94124526,0.76786083,0.44896364,0.6979984,0.77625954,0.3327836,0.9446121,0.8695795,0.46649978,0.8796613,0.88664025,0.30077076,0.65529287
59.99312734603882,0.37254208,0.40314165,0.777546,0.36064062,0.41088343,0.88575536,0.35765922,0.39650598,0.7955862,0.36218864,0.41899568,0.782756,0.35535407,0.38383943,0.8040729,0.4024676,0.4382727,0.7266879,0.37911224,0.35629448,0.7640186,0.45897958,0.46951112,0.72721416,0.33396122,0.30902734,0.5918978,0.49837238,0.5091465,0.76891375,0.27067858,0.27364427,0.39147955,0.5843352,0.40518442,0.91933745,0.5745444,0.3612828,0.9668511,0.73069924,0.3953124,0.9012689,0.7170118,0.34657487,0.9185549,0.8727453,0.38054362,0.8450898,0.696138,0.35972208,0.35564807
61.19710946083069,0.3834504,0.3611202,0.34903,0.373229,0.36292353,0.28311098,0.3750536,0.36006424,0.32249853,0.3710068,0.3798054,0.2896333,0.3757558,0.36780304,0.3863899,0.40452573,0.41316757,0.45395795,0.4155918,0.36014405,0.6344475,0.37516624,0.40992004,0.3804709,0.38319156,0.34879574,0.32091504,0.32944447,0.3686872,0.24871515,0.3256099,0.3865715,0.2544143,0.60150874,0.39563283,0.82121605,0.60085714,0.3581704,0.8932401,0.7262695,0.43259016,0.56936544,0.7297765,0.3167394,0.80213535,0.8377017,0.46680608,0.7233523,0.8741869,0.30175593,0.8130299
62.39408469200134,0.3471644,0.3791757,0.8444981,0.33823293,0.38781473,0.7372366,0.3368686,0.3732589,0.84892195,0.35223445,0.39914438,0.73620534,0.345914,0.36588582,0.81319505,0.41513726,0.41627416,0.88582474,0.41240197,0.34473372,0.9200877,0.44006705,0.46610662,0.8602247,0.4365401,0.30323383,0.86768293,0.3776514,0.47922555,0.6906969,0.37114042,0.29056087,0.7866258,0.5839859,0.40306664,0.91938275,0.58865,0.356734,0.9507312,0.7247205,0.4186348,0.80017847,0.73234594,0.34297487,0.9293509,0.85152173,0.4365328,0.73122907,0.8578178,0.32641658,0.83706677
63.51673769950867,0.32730475,0.39093122,0.6153529,0.32307458,0.40166947,0.64468324,0.32168186,0.383674,0.6561353,0.35369703,0.41165024,0.74632585,0.35055447,0.3731095,0.8032767,0.40671247,0.4249394,0.85608464,0.40109128,0.35156795,0.9015974,0.34513324,0.4562032,0.32599437,0.32004678,0.31940848,0.195188,0.26114747,0.47115842,0.08346233,0.3062802,0.32219666,0.019653764,0.59145796,0.4070221,0.87824106,0.58848554,0.36044028,0.8958745,0.7514362,0.4144074,0.77980953,0.7410146,0.34673578,0.87589705,0.86481375,0.40735126,0.8073231,0.8536183,0.34439567,0.64106333
64.62642645835876,0.37148365,0.38377115,0.6132532,0.36891338,0.39262146,0.70642537,0.36654204,0.3772554,0.63561386,0.3904985,0.40210405,0.8435277,0.38698995,0.36727333,0.86370087,0.45102513,0.42348883,0.91681814,0.45700452,0.34465417,0.9307395,0.5309854,0.45801926,0.90778863,0.5367309,0.31323418,0.84478873,0.5999066,0.4903092,0.8922511,0.6084216,0.27857047,0.885724,0.62619305,0.40362287,0.8980848,0.62621176,0.35600784,0.939476,0.7535461,0.43356305,0.7868509,0.7515773,0.32020125,0.87394243,0.86868954,0.461524,0.88768363,0.87342167,0.28732008,0.8636631
65.80442905426025,0.35242236,0.38501087,0.65532917,0.34250328,0.39253342,0.62371,0.34360275,0.3786,0.72627765,0.3508193,0.4044295,0.7230051,0.35153434,0.37059015,0.76448953,0.413078,0.424486,0.8802716,0.41346237,0.34502915,0.81559694,0.3957771,0.47847062,0.7833092,0.39148793,0.29917386,0.7539789,0.31974494,0.4622859,0.66120654,0.310502,0.31004304,0.5899281,0.5895842,0.40239993,0.9128923,0.5905863,0.35919747,0.9639332,0.7371836,0.3979299,0.7415801,0.7350084,0.35268468,0.7942077,0.8762195,0.38633567,0.68331003,0.87293375,0.35670188,0.53791726
66.90913248062134,0.44557184,0.37634972,0.5114361,0.43185338,0.38312635,0.62925214,0.43644294,0.37241375,0.60059613,0.42875403,0.4004364,0.5705126,0.43744582,0.37490857,0.62369233,0.482727,0.42506152,0.8478315,0.48533458,0.35869583,0.80764157,0.43159553,0.4640668,0.8984195,0.44491303,0.3308395,0.8641873,0.4012371,0.41719276,0.7327916,0.43059802,0.37105682,0.60594434,0.6630003,0.41492662,0.91088897,0.66172266,0.3726225,0.9203694,0.78996515,0.44093987,0.7735479,0.77148646,0.3209858,0.8797392,0.87525076,0.49385116,0.80578625,0.89054865,0.3118126,0.89234364
68.04874324798584,0.37385017,0.40603065,0.6037035,0.35933363,0.4138956,0.8491786,0.36451226,0.40114853,0.74593174,0.3637377,0.43199587,0.79130226,0.37059444,0.40137005,0.78443307,0.4216611,0.4579599,0.93640286,0.4228559,0.38069126,0.7848175,0.42770857,0.50369024,0.71424633,0.40909493,0.3328142,0.83756334,0.43694398,0.5641277,0.51392543,0.38983688,0.28475946,0.6179842,0.599881,0.45645973,0.940171,0.59903765,0.41727266,0.95228624,0.7408747,0.46794888,0.86985964,0.7326666,0.43219027,0.8759482,0.8763944,0.48758155,0.89848614,0.70553434,0.45645714,0.2145651
69.19681763648987,0.40046602,0.40887737,0.48264942,0.3886548,0.40927768,0.48254874,0.38848126,0.41078922,0.50730586,0.38291675,0.4213018,0.75388,0.3856657,0.4281838,0.63719183,0.4095975,0.41932473,0.4881131,0.43668672,0.4610262,0.6004416,0.37973937,0.3827281,0.07700548,0.5225245,0.47818825,0.46433833,0.32602674,0.34585613,0.011448718,0.5008718,0.44980603,0.022621106,0.6089585,0.4390472,0.8769062,0.6080143,0.43544707,0.88555753,0.7579489,0.48577496,0.70119417,0.7415209,0.3788651,0.80716103,0.8828144,0.53251135,0.87981373,0.8838205,0.38064432,0.80650604
70.32344937324524,0.36015612,0.4182733,0.44965625,0.34591204,0.42476568,0.40124676,0.3481989,0.41679364,0.60089445,0.34612912,0.44636756,0.5110828,0.35017666,0.42441294,0.5720044,0.38837397,0.477448,0.6844475,0.40493104,0.412026,0.75113106,0.38633487,0.5211982,0.7265957,0.41165018,0.3671422,0.69914234,0.37408978,0.5741021,0.29638898,0.38415074,0.31876257,0.66063553,0.5567688,0.4564209,0.7783535,0.554655,0.42615452,0.87379634,0.7099597,0.44063494,0.18457745,0.7237716,0.41174197,0.47671375,0.8490118,0.41618034,0.07330293,0.85430306,0.4158441,0.8526862
71.50247120857239,0.39032948,0.42663476,0.60071665,0.3776735,0.4323376,0.70479906,0.38033336,0.4208374,0.6696594,0.375394,0.44817066,0.5985033,0.38154846,0.42106295,0.75451326,0.4246102,0.46863246,0.8017004,0.4169768,0.41612116,0.83837026,0.5124714,0.4900527,0.82257783,0.3677693,0.3909491,0.6980806,0.59881824,0.49863717,0.70360535,0.28745282,0.3748007,0.32284337,0.5910014,0.46211424,0.8623707,0.5875153,0.42802438,0.94528174,0.7506298,0.4604175,0.8535633,0.7278564,0.39719394,0.7989791,0.86774397,0.49924475,0.80187434,0.8576441,0.4203124,0.8351091
72.68648314476013,0.38033208,0.42557523,0.70615655,0.3628765,0.4311695,0.6419351,0.37160283,0.42028543,0.78809303,0.35638732,0.44859424,0.62088484,0.3722138,0.4220316,0.7304763,0.39889073,0.47946867,0.76360774,0.43308604,0.41684195,0.8981996,0.38456914,0.53644574,0.55434805,0.47532436,0.38462257,0.80434555,0.35860956,0.52734697,0.525157,0.41140363,0.37040222,0.39276606,0.57799804,0.4829626,0.91384107,0.5859674,0.4469295,0.95942664,0.7243535,0.49376222,0.8921141,0.7112833,0.43217468,0.8533654,0.86309695,0.5225792,0.89018977,0.8039222,0.47320223,0.47644335
73.85302996635437,0.35715216,0.4291196,0.7278539,0.34421498,0.43735868,0.58629495,0.3480534,0.4277225,0.8399497,0.35177118,0.45732522,0.7132306,0.35490173,0.4328743,0.65708584,0.4159536,0.48451415,0.91552824,0.42747435,0.4174109,0.89591545,0.4385266,0.5386899,0.8162922,0.454885,0.38209653,0.786257,0.4502101,0.59702444,0.52310425,0.48415503,0.35741526,0.5830978,0.5963664,0.47616956,0.96636456,0.6029445,0.43657446,0.95422244,0.735902,0.48900434,0.8446414,0.7241277,0.41496417,0.8159297,0.8723437,0.5216052,0.88107336,0.80117536,0.46916595,0.5492057
75.0430154800415,0.37467182,0.4088064,0.43222937,0.3615504,0.413095,0.5848165,0.36080152,0.40873262,0.5315088,0.36153108,0.43342286,0.6696765,0.3604313,0.42125836,0.63855225,0.40595847,0.4547839,0.8779526,0.4215551,0.42208084,0.66440004,0.36032444,0.396331,0.36919564,0.51777095,0.43158492,0.12821804,0.3111083,0.36125743,0.5408191,0.5765511,0.41838083,0.076070085,0.5964136,0.46130386,0.9050795,0.6087888,0.42432496,0.88284695,0.745813,0.48589036,0.7887116,0.7493899,0.4006376,0.8205209,0.8704089,0.5165542,0.8609552,0.87881386,0.38489726,0.8053436
76.26589798927307,0.3891872,0.39692435,0.673747,0.37193006,0.40292984,0.63464487,0.379294,0.393243,0.66600114,0.36575645,0.4252107,0.6488332,0.37972248,0.39736706,0.7023548,0.42220753,0.46259394,0.8291038,0.45607004,0.39983618,0.886621,0.5165958,0.50014895,0.8033968,0.5396366,0.41985193,0.5028751,0.5730921,0.5292457,0.48938507,0.61677206,0.42670533,0.70801383,0.61152494,0.4654289,0.9339677,0.6195148,0.4258469,0.9603379,0.7659956,0.4872631,0.8645997,0.752403,0.40819573,0.8555712,0.8996042,0.50615454,0.86279505,0.7155053,0.40150028,0.015794063
77.38305759429932,0.37306568,0.3751823,0.5460934,0.3655842,0.38315555,0.61680216,0.36452132,0.3727734,0.7247201,0.37763208,0.40444103,0.68569225,0.37130117,0.3754184,0.6307677,0.44769877,0.41335812,0.8167517,0.4479135,0.36983746,0.8092198,0.5284889,0.39311242,0.5266783,0.53879845,0.3681511,0.61488533,0.5233092,0.34598356,0.37845543,0.61042535,0.36218724,0.2999171,0.62454456,0.40273014,0.89171565,0.6261177,0.36613816,0.9069069,0.7578776,0.4422514,0.75052464,0.76467913,0.3318109,0.84565383,0.8762921,0.48202106,0.87477046,0.893706,0.34819767,0.807217
78.550607919693,0.3459574,0.3818117,0.6372065,0.3385542,0.38899454,0.81859803,0.33154494,0.37289253,0.7499703,0.35199997,0.3900882,0.78454727,0.33994538,0.3559928,0.7519496,0.4260634,0.40006953,0.8481788,0.40686387,0.32024097,0.8934955,0.41531897,0.44963175,0.734905,0.41895837,0.2689381,0.664782,0.41019517,0.51160574,0.6721935,0.42799872,0.21665971,0.54451,0.6047051,0.36177516,0.9257636,0.5971382,0.31666908,0.9716674,0.75530595,0.3528761,0.8770086,0.71898764,0.28434145,0.8070183,0.88081443,0.34219107,0.77003324,0.8075037,0.27363035,0.30990618
79.73860239982605,0.4107804,0.3386252,0.6750828,0.40419874,0.34550524,0.7127776,0.39727053,0.33334276,0.56352437,0.4155712,0.34508386,0.6435678,0.40108478,0.31345114,0.6894042,0.4807449,0.3500149,0.86585695,0.4848076,0.28698257,0.90056914,0.4696051,0.39275005,0.52859086,0.5630727,0.2601257,0.6911444,0.4497602,0.45158336,0.56630754,0.62077785,0.24490626,0.12361282,0.6555249,0.31870708,0.88806504,0.6555604,0.27717394,0.9225747,0.77188385,0.35019448,0.86399627,0.76653206,0.24803233,0.76361746,0.89075655,0.33033058,0.9090174,0.8673966,0.21149822,0.6834425
80.86923170089722,0.3672626,0.3336923,0.7683058,0.36169297,0.34408626,0.5972782,0.34992605,0.32878637,0.76259834,0.37314618,0.34413764,0.7509208,0.35109365,0.311972,0.7427431,0.4329084,0.34887865,0.8948965,0.40163085,0.28109583,0.92402565,0.42343152,0.39551088,0.6916205,0.3579763,0.22318466,0.55072606,0.41561884,0.45552334,0.14354226,0.32346806,0.17223032,0.020291816,0.592669,0.3171209,0.9278338,0.58112776,0.27881068,0.9563125,0.7294487,0.27422312,0.4559133,0.743196,0.25643274,0.84375745,0.855052,0.24365227,0.12312425,0.8697519,0.24218671,0.75018305
82.0243272781372,0.35922438,0.33920038,0.7283175,0.35356647,0.3446319,0.70221674,0.3469413,0.33424443,0.7035342,0.36329028,0.34451,0.6495192,0.35062107,0.31471118,0.7441255,0.4258028,0.34584323,0.8268873,0.4132503,0.3014464,0.80441266,0.4119831,0.38779265,0.7842518,0.4686297,0.33269402,0.2564025,0.39768168,0.43900466,0.5983024,0.535108,0.35442215,0.09743353,0.5987126,0.33027646,0.90016794,0.5970217,0.29404742,0.9183116,0.72075844,0.36006352,0.7616842,0.74204004,0.25901535,0.8126739,0.8611069,0.36061418,0.9257509,0.8685247,0.23253869,0.8785826
83.21634149551392,0.34765851,0.3709199,0.68931335,0.34241614,0.37896606,0.7796202,0.3413093,0.36358213,0.720584,0.36258897,0.39071482,0.82735646,0.35783517,0.35454005,0.84234744,0.42986208,0.40998885,0.845537,0.43351156,0.33161238,0.8750275,0.4231233,0.4554327,0.5756542,0.44632936,0.2878737,0.61273694,0.41137516,0.5139505,0.78594667,0.44089472,0.2822698,0.5159191,0.6017417,0.40354043,0.92455673,0.60857654,0.35908562,0.9705183,0.7556617,0.41472378,0.8264649,0.74645066,0.3447232,0.7262972,0.8745205,0.4022635,0.81809974,0.8631313,0.3275632,0.6293087
84.43226432800293,0.3598166,0.41024557,0.75066924,0.34804603,0.42052913,0.7556951,0.34806317,0.4075203,0.6886852,0.35684225,0.44008785,0.84002936,0.35397148,0.40852642,0.5979629,0.41607732,0.4601545,0.8431754,0.4231474,0.3902851,0.92489046,0.4213824,0.5129083,0.86741155,0.4012967,0.36240685,0.64179,0.36246073,0.5243558,0.39946732,0.34772378,0.3356942,0.74379647,0.5987534,0.45673314,0.9429115,0.6093572,0.41153097,0.95178056,0.7267531,0.49870417,0.8705013,0.7443816,0.3889795,0.90088886,0.8372977,0.54293793,0.7311881,0.86967087,0.41178903,0.74829894
85.60329723358154,0.37267756,0.46531317,0.71589637,0.3603313,0.47372398,0.729154,0.35996425,0.45947704,0.8582036,0.363573,0.48750496,0.6911352,0.36375916,0.45478034,0.68097,0.42560124,0.5032207,0.7668849,0.4132486,0.44307876,0.8103224,0.51112556,0.5355507,0.8502819,0.3940332,0.4035855,0.34854668,0.44961834,0.51086676,0.42682943,0.33960053,0.41538975,0.31069908,0.5961844,0.49413887,0.9376252,0.5914547,0.45077124,0.9012978,0.73669946,0.51617384,0.79001456,0.7308807,0.4231752,0.8934576,0.86711144,0.53958565,0.74591666,0.86557114,0.42466864,0.8302894
86.80922627449036,0.37520677,0.47188267,0.59683305,0.362357,0.48161244,0.59685695,0.36192936,0.4660523,0.6491507,0.36512646,0.4918922,0.61908597,0.36384317,0.45645428,0.558974,0.40960675,0.5040516,0.6170338,0.43175966,0.4415904,0.80676246,0.38276312,0.5242745,0.040309608,0.52087116,0.4620498,0.42611244,0.50638616,0.51017094,0.019510433,0.57394785,0.5247393,0.35027298,0.5980422,0.4895799,0.8971875,0.58850044,0.44587597,0.9401048,0.75560755,0.5008833,0.8419115,0.689976,0.4011962,0.8196925,0.8808204,0.50886565,0.76586115,0.71442163,0.35960963,0.12369706
87.98277020454407,0.43902445,0.44211522,0.6588055,0.42931256,0.45063338,0.5824591,0.42910153,0.43920437,0.5994626,0.4351848,0.46675768,0.7424179,0.4325218,0.43894935,0.6463174,0.49207038,0.4797104,0.92447793,0.50026166,0.42836085,0.7504701,0.5408796,0.4210963,0.25570345,0.5767305,0.40500173,0.5930565,0.4902503,0.41002113,0.27996984,0.62605524,0.36769634,0.4904743,0.66723406,0.4614162,0.8929672,0.66729045,0.41984707,0.93343455,0.7889377,0.49782467,0.8752497,0.8005442,0.3778538,0.93868285,0.88629234,0.53407663,0.77187306,0.90938926,0.3504802,0.78137404
89.16379404067993,0.3602429,0.4634851,0.5782878,0.35048324,0.46438336,0.5133864,0.34996307,0.4551641,0.569236,0.35051215,0.4576493,0.43536,0.35530096,0.4348292,0.5605974,0.43010128,0.48145905,0.6370206,0.38972974,0.41711536,0.7600351,0.48683786,0.52010447,0.76121473,0.3892846,0.45022306,0.15401043,0.5095345,0.49542314,0.5837343,0.32228634,0.51437896,0.10620523,0.5950886,0.46005955,0.8707484,0.5831175,0.41650477,0.90360737,0.7547437,0.46327874,0.8745977,0.7281264,0.38348505,0.82953626,0.8704595,0.46281764,0.75299156,0.708982,0.3509221,0.038326
90.36572647094727,0.38938558,0.4485351,0.8036226,0.38111478,0.4569772,0.7817165,0.3773429,0.44129872,0.8681086,0.39554214,0.46460643,0.7854022,0.3865016,0.4288455,0.73570454,0.45813712,0.47991544,0.8814664,0.4335335,0.40714583,0.8804342,0.53761077,0.50375587,0.7820199,0.4287688,0.35000506,0.7083785,0.5897289,0.47959635,0.5111012,0.42834827,0.30224222,0.36227995,0.6299683,0.44939956,0.9354215,0.61636627,0.41044196,0.94228,0.75939095,0.47751418,0.8719022,0.7578478,0.36433578,0.9381903,0.86837757,0.5103957,0.7958107,0.8762576,0.3295841,0.7777511
91.50534987449646,0.34681797,0.4282063,0.68827355,0.3400664,0.43488345,0.777693,0.33697754,0.4200746,0.77884984,0.35750756,0.4442725,0.7028534,0.35090232,0.40904298,0.7649791,0.4334483,0.46182624,0.87888974,0.40221405,0.3939059,0.7433686,0.5209578,0.47714445,0.6503795,0.33824438,0.37814996,0.1355537,0.5740224,0.47242698,0.56977826,0.33467448,0.4115665,0.02836431,0.5864893,0.43935284,0.8988052,0.57762957,0.39441416,0.8998891,0.74528944,0.4371483,0.838775,0.7365991,0.3886704,0.7718805,0.8694459,0.44049975,0.6950563,0.8593923,0.39303738,0.68130696
92.65942335128784,0.35228917,0.3940141,0.570796,0.34039375,0.40062028,0.761108,0.34004277,0.39441344,0.6956372,0.35073286,0.42528495,0.7653944,0.3483095,0.40329155,0.68183666,0.40659213,0.4532406,0.8764392,0.4162818,0.3757246,0.8688471,0.37433147,0.50420856,0.7629981,0.39969897,0.32807288,0.76126796,0.33052558,0.55122316,0.272453,0.37708482,0.28114045,0.693931,0.59392273,0.43003154,0.94403285,0.5989399,0.38877693,0.9819155,0.74169415,0.44510642,0.8121009,0.73135567,0.37264284,0.8939459,0.85408294,0.460152,0.6681908,0.8584424,0.37695742,0.83067495
93.82648658752441,0.39305207,0.39467248,0.6048445,0.38221115,0.40336728,0.7320907,0.38230404,0.3918546,0.78489923,0.3911425,0.42065987,0.76351357,0.38899398,0.39235243,0.6952889,0.4622417,0.4365233,0.88805324,0.45888552,0.375605,0.8891706,0.5628647,0.42730317,0.62337756,0.4546635,0.32511762,0.70915306,0.6378335,0.43013301,0.5259185,0.45600682,0.27272913,0.76528084,0.6356565,0.41732213,0.9300991,0.62768257,0.37845412,0.95595825,0.75501335,0.45031077,0.8603102,0.7484907,0.34032285,0.8782992,0.86656874,0.49024215,0.79426557,0.8785018,0.3278886,0.8077651
94.98302483558655,0.37327892,0.41178966,0.69922495,0.36124992,0.4198905,0.7559157,0.36216414,0.40375876,0.8323814,0.36832,0.43044144,0.7534518,0.3708572,0.39599285,0.86360115,0.4249277,0.45068994,0.808162,0.4289473,0.37617183,0.93112326,0.39766583,0.49807516,0.667817,0.4114341,0.31735533,0.7720362,0.3800004,0.5389692,0.490374,0.38701686,0.2629807,0.64108825,0.60789657,0.42079315,0.9542794,0.60437274,0.37664318,0.96112806,0.7615737,0.4140668,0.90166384,0.7574363,0.38096964,0.882502,0.8761711,0.41041794,0.72616297,0.8742945,0.39092126,0.78857875
96.17200255393982,0.38186297,0.40127736,0.5729079,0.37344593,0.40941897,0.6882678,0.37175995,0.3985705,0.5864363,0.37983796,0.42638323,0.75622135,0.37706313,0.39791796,0.6565319,0.4458855,0.4385367,0.85065126,0.43104967,0.38986775,0.7266162,0.5426959,0.41384163,0.5554645,0.5253961,0.3799953,0.19423059,0.53412414,0.36402217,0.31019586,0.5247362,0.36077654,0.18335237,0.6085767,0.41933137,0.9287627,0.6055122,0.38463864,0.91229653,0.7482351,0.45519596,0.8607539,0.7368542,0.34529993,0.9474842,0.86060905,0.49694434,0.907767,0.87907284,0.3466184,0.85776895
97.41884565353394,0.33651674,0.4210089,0.6261921,0.32827306,0.43023893,0.57484394,0.32730755,0.41869864,0.5992968,0.34285718,0.447651,0.6075851,0.336817,0.41843224,0.6452586,0.39467257,0.44837523,0.80287313,0.3955897,0.41485763,0.7258459,0.48951882,0.41088983,0.3160336,0.49523228,0.4052979,0.2514703,0.54251385,0.3658086,0.045037787,0.5440377,0.3716167,0.15401812,0.5577711,0.42608413,0.8745331,0.5578003,0.40428352,0.9187241,0.7098155,0.43457398,0.8853085,0.6997591,0.37991998,0.84642094,0.84451693,0.4600586,0.810423,0.8370661,0.36914462,0.74880546
98.59386968612671,0.38566923,0.43204626,0.5364466,0.37322986,0.44010678,0.64820385,0.3766031,0.43029204,0.689008,0.38277552,0.4618143,0.7178366,0.3872951,0.43455273,0.6623742,0.4333092,0.4872152,0.89087874,0.47730887,0.4196856,0.90596455,0.41037875,0.5172407,0.014407767,0.5735099,0.39486825,0.73549736,0.4278875,0.5000141,0.005919044,0.63824135,0.36716852,0.28577754,0.6063666,0.46381912,0.8997642,0.60883623,0.4317622,0.9523083,0.6794696,0.39431995,0.12598355,0.7520749,0.43016663,0.59873646,0.70570755,0.35872343,0.0043218746,0.87700534,0.45645452,0.2750758
99.78486323356628,0.38253975,0.4495783,0.65653527,0.36823207,0.4553345,0.72121966,0.36798128,0.45044002,0.62770766,0.37457275,0.47748613,0.68214214,0.37297636,0.4643519,0.5872268,0.43044096,0.46825218,0.68386114,0.4354695,0.47985458,0.70333093,0.4303233,0.40233722,0.66910297,0.47362936,0.52322185,0.0844193,0.4190547,0.33818048,0.22844823,0.43314236,0.46126318,0.046402767,0.6020133,0.46045828,0.89261013,0.60114706,0.46195546,0.85535556,0.7539105,0.44955084,0.851041,0.7504395,0.44622254,0.7689841,0.8957228,0.46888477,0.5455534,0.88209385,0.46073517,0.74887055
101.01972842216492,0.3819966,0.47773787,0.73295116,0.36959648,0.48641697,0.70009404,0.36973888,0.47185746,0.8528911,0.37890196,0.5018937,0.78625536,0.37654883,0.46680441,0.7158268,0.45019722,0.52825713,0.90616333,0.43558165,0.44568944,0.8476937,0.4852665,0.57333153,0.6613391,0.415223,0.3888057,0.89787716,0.4996931,0.62959856,0.6874458,0.38692337,0.34013718,0.6167191,0.61015874,0.5032658,0.9527289,0.60486805,0.46044013,0.9858373,0.77118224,0.4957961,0.8921172,0.75342655,0.4587578,0.9365695,0.91246176,0.50805116,0.83577275,0.8606125,0.4854439,0.92279756
102.21569871902466,0.45922717,0.5076718,0.40483025,0.44719875,0.5017229,0.4064493,0.44368625,0.49693137,0.46819007,0.44305775,0.49258587,0.5004543,0.44303605,0.48307106,0.6674981,0.47903144,0.5144202,0.5624575,0.47477314,0.46350452,0.7212819,0.41560572,0.5232828,0.2727558,0.40752703,0.5227858,0.49737954,0.3816354,0.5347827,0.12210454,0.36094087,0.5563758,0.35377884,0.6592867,0.49975654,0.8745522,0.6546824,0.46241894,0.8000372,0.781891,0.49886987,0.81086373,0.80443823,0.45254412,0.5643452,0.90386283,0.4888657,0.7624676,0.85925645,0.47087404,0.20690952
103.4086799621582,0.50813717,0.48461103,0.60617465,0.49867448,0.49169135,0.6611746,0.5007818,0.47748905,0.57395655,0.5077703,0.501676,0.5549614,0.5129651,0.4683871,0.70968115,0.5535619,0.51655906,0.7685958,0.5598091,0.45494372,0.72364837,0.47725922,0.5125555,0.72306144,0.48350823,0.44854602,0.65274256,0.4080003,0.48852286,0.5781105,0.40767992,0.47193384,0.7089297,0.71592104,0.5040466,0.7986436,0.7192821,0.46296358,0.8531562,0.791633,0.50404376,0.50311,0.8707203,0.44006702,0.37474468,0.9017242,0.48947325,0.70427823,0.9359522,0.46134496,0.29859468
104.59566950798035,0.5204557,0.48382932,0.58425367,0.5131157,0.49122354,0.7538292,0.5108815,0.47739097,0.7218087,0.527196,0.49924,0.66731316,0.5255319,0.46785808,0.7663629,0.5717188,0.51220995,0.7139047,0.5720435,0.45276102,0.7222179,0.49648392,0.51248544,0.75343657,0.48979938,0.45283398,0.68622637,0.42317256,0.48798934,0.604563,0.42128962,0.47297174,0.60444117,0.7293618,0.4960644,0.7935264,0.7309202,0.45442358,0.82389873,0.7724335,0.5002369,0.29427192,0.88336194,0.43654895,0.27810532,0.9086432,0.48915362,0.64502144,0.9368691,0.46046802,0.26704308
105.77864980697632,0.5439148,0.47235757,0.71673226,0.540012,0.47959802,0.71272814,0.5397985,0.4654596,0.782108,0.5633341,0.48992643,0.7358959,0.5604558,0.45626566,0.6587638,0.6026134,0.5044807,0.7797979,0.60371494,0.4382114,0.85966957,0.5403989,0.53598464,0.83165556,0.54495054,0.40666088,0.898756,0.48261592,0.49951252,0.6610822,0.48363537,0.4466447,0.77960587,0.7416656,0.49068165,0.7687195,0.7509371,0.446995,0.8595672,0.76612747,0.4876798,0.47945413,0.8358609,0.4364725,0.14422815,0.9033452,0.48597094,0.7938083,0.90919495,0.44055906,0.39812765
106.94818258285522,0.5416148,0.46588436,0.69364715,0.53318894,0.4743336,0.81337476,0.5326651,0.4589797,0.83955246,0.5529849,0.48106256,0.69221085,0.5496352,0.4490761,0.8378121,0.61260664,0.49919197,0.8880096,0.61133206,0.429454,0.96114945,0.6656847,0.53641796,0.7972574,0.67426413,0.3923587,0.833673,0.6128872,0.5583636,0.7496948,0.6193998,0.3677741,0.5907336,0.73523533,0.48034412,0.8730567,0.74634945,0.44010836,0.9582616,0.75338477,0.48573327,0.27390468,0.88974786,0.42994195,0.19778243,0.9018253,0.49004427,0.8552994,0.91616094,0.43755895,0.24898654
108.11222910881042,0.53271556,0.46132737,0.6650006,0.52690274,0.46970454,0.7805896,0.5244679,0.45545277,0.7264849,0.54464126,0.4788416,0.8431744,0.53670096,0.44620562,0.8580924,0.6017418,0.4936276,0.90964246,0.59482783,0.4238641,0.8992065,0.64678866,0.5349247,0.7249231,0.63794255,0.38473096,0.8092049,0.5931405,0.56070346,0.6746927,0.5705949,0.35843313,0.78689855,0.73256755,0.47683033,0.9128869,0.74540615,0.43584606,0.94621587,0.75566363,0.48292038,0.22202297,0.9051243,0.4294045,0.2841815,0.9047158,0.48980686,0.8491722,0.91906774,0.43040466,0.18145199
109.28326058387756,0.5284948,0.4580023,0.7652043,0.520903,0.46611175,0.7566342,0.51844376,0.451636,0.82285255,0.5368748,0.4737238,0.7827816,0.5296312,0.44130173,0.8193532,0.59463763,0.49021146,0.87757826,0.5885856,0.4182647,0.9142236,0.6396649,0.5328943,0.65335375,0.63029915,0.3768071,0.8471171,0.585583,0.5621879,0.69149345,0.57658595,0.34613213,0.7057316,0.721996,0.4752024,0.8656898,0.7351252,0.42960152,0.9391431,0.7538661,0.480765,0.262363,0.9036305,0.4272841,0.23970604,0.90007675,0.48535624,0.87773854,0.9153475,0.43685314,0.35016426
110.43984246253967,0.52934164,0.4570398,0.7493414,0.5202235,0.46513492,0.741121,0.5183636,0.45107102,0.79481506,0.5339711,0.47337317,0.8010064,0.5285879,0.44156232,0.838247,0.59367245,0.49147603,0.89492774,0.5899293,0.4202354,0.9220594,0.6307346,0.5352472,0.7675575,0.6318794,0.37966904,0.80391634,0.5785403,0.5618334,0.76629615,0.5847128,0.35264498,0.7099615,0.7265514,0.47493458,0.8821568,0.7375724,0.43180272,0.93611276,0.7599739,0.4817844,0.33513334,0.8722025,0.43078113,0.27329317,0.8992882,0.48640385,0.88301444,0.9162593,0.43688932,0.35010365
111.61987328529358,0.52895117,0.45736465,0.7090612,0.520901,0.46579972,0.7026914,0.51819706,0.45128927,0.77320683,0.5358764,0.47411242,0.7520595,0.528407,0.4416704,0.8162138,0.59524566,0.4925626,0.89657533,0.59130955,0.42032352,0.9079111,0.64015967,0.53179777,0.7392278,0.6386466,0.38092896,0.77221984,0.58132565,0.56084025,0.6859516,0.5785237,0.35323712,0.7866311,0.7286793,0.47422424,0.88519484,0.74226564,0.4314552,0.92731524,0.7629182,0.4836807,0.37659028,0.8706092,0.43032107,0.26649016,0.90050495,0.486969,0.8909701,0.9167826,0.4361249,0.36146578
